<?xml version="1.0" encoding="UTF-8"?>
<project-private xmlns="http://www.netbeans.org/ns/project-private/1">
    <editor-bookmarks xmlns="http://www.netbeans.org/ns/editor-bookmarks/2" lastBookmarkId="0"/>
    <open-files xmlns="http://www.netbeans.org/ns/projectui-open-files/2">
        <group>
            <file>file:/Users/rey10/Desktop/dbms%20systemv2/Rahul/src/login.java</file>
            <file>file:/Users/rey10/Desktop/dbms%20systemv2/Rahul/src/search_staff.java</file>
            <file>file:/Users/rey10/Desktop/dbms%20systemv2/Rahul/src/search_nurse.java</file>
            <file>file:/Users/rey10/Desktop/dbms%20systemv2/Rahul/src/Nurse_login.java</file>
            <file>file:/Users/rey10/Desktop/dbms%20systemv2/Rahul/src/appStat.java</file>
            <file>file:/Users/rey10/Desktop/dbms%20systemv2/Rahul/src/home.java</file>
            <file>file:/Users/rey10/Desktop/dbms%20systemv2/Rahul/src/ABOUT.java</file>
            <file>file:/Users/rey10/Desktop/dbms%20systemv2/Rahul/src/Doctor_login.java</file>
            <file>file:/Users/rey10/Desktop/dbms%20systemv2/Rahul/src/add_doctor.java</file>
            <file>file:/Users/rey10/Desktop/dbms%20systemv2/Rahul/src/search_doctor.java</file>
            <file>file:/Users/rey10/Desktop/dbms%20systemv2/Rahul/src/add_patient.java</file>
            <file>file:/Users/rey10/Desktop/dbms%20systemv2/Rahul/src/search_patient.java</file>
            <file>file:/Users/rey10/Desktop/dbms%20systemv2/Rahul/src/add_staff.java</file>
            <file>file:/Users/rey10/Desktop/dbms%20systemv2/Rahul/src/appointment.java</file>
            <file>file:/Users/rey10/Desktop/dbms%20systemv2/Rahul/src/add_nurse.java</file>
        </group>
    </open-files>
</project-private>
